StationUID,StationID,StationName/Zh_tw,StationName/En,StationPosition/PositionLon,StationPosition/PositionLat,StationAddress,StationPhone,StationClass,StationURL
TRA-0900,0900,基隆,Keelung,121.74013,25.13401,104基隆市中山區民治里1鄰中山一路16之 1號,02-24263743,1,http://www.railway.gov.tw/tra-tip-web/tip/tip00H/tipH41/viewStaInfo/0900
TRA-0910,0910,三坑,Sankeng,121.74202,25.12305,20045基隆市仁愛區德厚里龍安街 206 號,02-24230289,4,http://www.railway.gov.tw/tra-tip-web/tip/tip00H/tipH41/viewStaInfo/0910
TRA-0920,0920,八堵,Badu,121.72898,25.10843,20541基隆市暖暖區八南里八堵路 142 號,02-24560841,2,http://www.railway.gov.tw/tra-tip-web/tip/tip00H/tipH41/viewStaInfo/0920
TRA-0930,0930,七堵,Qidu,121.71415,25.09294,20646基隆市七堵區長興里東新街 2 號,02-24553426,1,http://www.railway.gov.tw/tra-tip-web/tip/tip00H/tipH41/viewStaInfo/0930
TRA-0940,0940,百福,Baifu,121.69373,25.07803,20651基隆市七堵區堵南里明德三路 1 之 1 號,02-24528372,4,http://www.railway.gov.tw/tra-tip-web/tip/tip00H/tipH41/viewStaInfo/0940
TRA-0950,0950,五堵,Wudu,121.66764,25.07784,22178新北市汐止區長安里長安路 17 號,02-86476200,4,http://www.railway.gov.tw/tra-tip-web/tip/tip00H/tipH41/viewStaInfo/0950
TRA-0960,0960,汐止,Xizhi,121.66244,25.06894,22166新北市汐止區信望里信義路 1 號,02-26415096,2,http://www.railway.gov.tw/tra-tip-web/tip/tip00H/tipH41/viewStaInfo/0960
TRA-0970,0970,汐科,Xike,121.64669,25.06241,22184新北市汐止區大同里大同路二段 182 號,02-26499817#8730,4,http://www.railway.gov.tw/tra-tip-web/tip/tip00H/tipH41/viewStaInfo/0970
TRA-0980,0980,南港,Nangang,121.60706,25.05348,115臺北市南港區南港里南港路一段 313 號,02-27838645,1,http://www.railway.gov.tw/tra-tip-web/tip/tip00H/tipH41/viewStaInfo/0980
TRA-0990,0990,松山,Songshan,121.57807,25.04936,11088臺北市信義區永吉里松山路 11 號B1,02-27673819,1,http://www.railway.gov.tw/tra-tip-web/tip/tip00H/tipH41/viewStaInfo/0990
TRA-1000,1000,臺北,Taipei,121.51784,25.04771,100230臺北市中正區黎明里北平西路 3 號,02-23713558,0,http://www.railway.gov.tw/tra-tip-web/tip/tip00H/tipH41/viewStaInfo/1000
TRA-1001,1001,臺北-環島,Taipei Surround Island,121.51793,25.04811,100230臺北市中正區,,4,http://www.railway.gov.tw/tra-tip-web/tip/tip00H/tipH41/viewStaInfo/1001
TRA-1010,1010,萬華,Wanhua,121.49984,25.03348,108220臺北市萬華區富福里康定路 382 號,02-23020481,1,http://www.railway.gov.tw/tra-tip-web/tip/tip00H/tipH41/viewStaInfo/1010
TRA-1020,1020,板橋,Banqiao,121.46352,25.01469,220新北市板橋區新民里站前路,02-89691036,1,http://www.railway.gov.tw/tra-tip-web/tip/tip00H/tipH41/viewStaInfo/1020
TRA-1030,1030,浮洲,Fuzhou,121.44477,25.00419,22058新北市板橋區僑中里僑中二街 156 號,02-23815226#4665,4,http://www.railway.gov.tw/tra-tip-web/tip/tip00H/tipH41/viewStaInfo/1030
TRA-1040,1040,樹林,Shulin,121.42481,24.99121,23845新北市樹林區樹北里鎮前街 112 號,02-26812052,1,http://www.railway.gov.tw/tra-tip-web/tip/tip00H/tipH41/viewStaInfo/1040
TRA-1050,1050,南樹林,South Shulin,121.40891,24.98034,23846新北市樹林區東山里中山路二段 230 號,02-26812052,4,http://www.railway.gov.tw/tra-tip-web/tip/tip00H/tipH41/viewStaInfo/1050
TRA-1060,1060,山佳,Shanjia,121.39273,24.97233,23852新北市樹林區中山里山佳街 28 號,02-26808874,3,http://www.railway.gov.tw/tra-tip-web/tip/tip00H/tipH41/viewStaInfo/1060
TRA-1070,1070,鶯歌,Yingge,121.35535,24.95432,23942新北市鶯歌區東鶯里文化路 68-1號,02-26792004,2,http://www.railway.gov.tw/tra-tip-web/tip/tip00H/tipH41/viewStaInfo/1070
TRA-1080,1080,桃園,Taoyuan,121.31399,24.98941,33041桃園市桃園區武陵里中正路 1 號,03-3767050,1,http://www.railway.gov.tw/tra-tip-web/tip/tip00H/tipH41/viewStaInfo/1080
TRA-1090,1090,內壢,Neili,121.25814,24.97287,32072桃園市中壢區中原里中華路一段 267 號,03-4559725,3,http://www.railway.gov.tw/tra-tip-web/tip/tip00H/tipH41/viewStaInfo/1090
TRA-1100,1100,中壢,Zhongli_Taoyuan,121.22571,24.95382,32041桃園市中壢區石頭里中和路 139 號,03-4223235,1,http://www.railway.gov.tw/tra-tip-web/tip/tip00H/tipH41/viewStaInfo/1100
TRA-1110,1110,埔心,Puxin,121.18366,24.91945,32653桃園市楊梅區埔心里永美路 208 號,03-4827100,3,http://www.railway.gov.tw/tra-tip-web/tip/tip00H/tipH41/viewStaInfo/1110
TRA-1120,1120,楊梅,Yangmei,121.14634,24.91391,32643桃園市楊梅區楊梅里大成路 256 號,03-4782893,3,http://www.railway.gov.tw/tra-tip-web/tip/tip00H/tipH41/viewStaInfo/1120
TRA-1130,1130,富岡,Fugang,121.08313,24.93462,32649桃園市楊梅區富岡里成功路 37 號,03-4723754,3,http://www.railway.gov.tw/tra-tip-web/tip/tip00H/tipH41/viewStaInfo/1130
TRA-1140,1140,新富,Xinfu,121.06759,24.93107,32649桃園市楊梅區富豐里富全街 1 號,03-4723754,5,http://www.railway.gov.tw/tra-tip-web/tip/tip00H/tipH41/viewStaInfo/1140
TRA-1150,1150,北湖,Beihu,121.05586,24.92191,30371新竹縣湖口鄉東興村北湖路 1 號,03-5993850,4,http://www.railway.gov.tw/tra-tip-web/tip/tip00H/tipH41/viewStaInfo/1150
TRA-1160,1160,湖口,Hukou,121.04412,24.90292,30342新竹縣湖口鄉仁勢村中山路二段 121 號,03-5992192,3,http://www.railway.gov.tw/tra-tip-web/tip/tip00H/tipH41/viewStaInfo/1160
TRA-1170,1170,新豐,Xinfeng,120.99654,24.86961,30442新竹縣新豐鄉山崎村新興路 202 號,03-5596314,3,http://www.railway.gov.tw/tra-tip-web/tip/tip00H/tipH41/viewStaInfo/1170
TRA-1180,1180,竹北,Zhubei,121.00936,24.83892,30265新竹縣竹北市竹義里和平街 59 號,03-5552024,3,http://www.railway.gov.tw/tra-tip-web/tip/tip00H/tipH41/viewStaInfo/1180
TRA-1190,1190,北新竹,North Hsinchu,120.98385,24.80876,30060新竹市 東區東園里中華路一段 291 之 2 號,03-5237441,4,http://www.railway.gov.tw/tra-tip-web/tip/tip00H/tipH41/viewStaInfo/1190
TRA-1191,1191,千甲,Qianjia,121.00301,24.80669,30059新竹市 東區水源里千甲路 142 號,03-5237441,4,http://www.railway.gov.tw/tra-tip-web/tip/tip00H/tipH41/viewStaInfo/1191
TRA-1192,1192,新莊,Xinzhuang,121.02182,24.78819,30073新竹市 東區新莊里關東路 310 號,03-5237441,4,http://www.railway.gov.tw/tra-tip-web/tip/tip00H/tipH41/viewStaInfo/1192
TRA-1193,1193,竹中,Zhuzhong,121.03117,24.78125,31061新竹縣竹東鎮頭重里竹中路 145 號,03-5962042,4,http://www.railway.gov.tw/tra-tip-web/tip/tip00H/tipH41/viewStaInfo/1193
TRA-1194,1194,六家,Liujia,121.03921,24.80751,30273新竹縣竹北市隘口里復興三路二段 229 號,03-5962042,4,http://www.railway.gov.tw/tra-tip-web/tip/tip00H/tipH41/viewStaInfo/1194
TRA-1201,1201,上員,Shangyuan,121.05554,24.77797,310新竹縣竹東鎮上員里光明路 (無站房),03-5962042,5,http://www.railway.gov.tw/tra-tip-web/tip/tip00H/tipH41/viewStaInfo/1201
TRA-1202,1202,榮華,Ronghua,121.08296,24.74851,310新竹縣竹東鎮仁愛里北興路 (無站房),03-5962042,5,http://www.railway.gov.tw/tra-tip-web/tip/tip00H/tipH41/viewStaInfo/1202
TRA-1203,1203,竹東,Zhudong,121.09465,24.73811,31047新竹縣竹東鎮雞林里東林路 196 號,03-5962042,2,http://www.railway.gov.tw/tra-tip-web/tip/tip00H/tipH41/viewStaInfo/1203
TRA-1204,1204,橫山,Hengshan,121.11657,24.72051,31241新竹縣橫山鄉橫山村橫山路 97 號 (無站房),03-5962042,5,http://www.railway.gov.tw/tra-tip-web/tip/tip00H/tipH41/viewStaInfo/1204
TRA-1205,1205,九讚頭,Jiuzantou,121.13621,24.72068,31242新竹縣橫山鄉大肚村中豐路二段 286 巷 29 號,03-5962042,4,http://www.railway.gov.tw/tra-tip-web/tip/tip00H/tipH41/viewStaInfo/1205
TRA-1206,1206,合興,Hexing,121.15434,24.71649,31243新竹縣橫山鄉力行村中山街一段 17 號,03-5962042,5,http://www.railway.gov.tw/tra-tip-web/tip/tip00H/tipH41/viewStaInfo/1206
TRA-1207,1207,富貴,Fugui,121.16729,24.71553,312新竹縣橫山鄉豐田村中山街一段 (無站房),03-5962042,5,http://www.railway.gov.tw/tra-tip-web/tip/tip00H/tipH41/viewStaInfo/1207
TRA-1208,1208,內灣,Neiwan,121.18247,24.70526,31243新竹縣橫山鄉內灣村中正路 6 號,03-5962042,4,http://www.railway.gov.tw/tra-tip-web/tip/tip00H/tipH41/viewStaInfo/1208
TRA-1210,1210,新竹,Hsinchu,120.97156,24.80169,30060新竹市 東區榮光里中華路二段 445 號,03-5237441,1,http://www.railway.gov.tw/tra-tip-web/tip/tip00H/tipH41/viewStaInfo/1210
TRA-1220,1220,三姓橋,Sanxingqiao,120.92838,24.78723,30093新竹市 香山區香山里元培街 32 巷 30 號,03-5237441,4,http://www.railway.gov.tw/tra-tip-web/tip/tip00H/tipH41/viewStaInfo/1220
TRA-1230,1230,香山,Xiangshan,120.91391,24.76321,30094新竹市 香山區朝山里中華路五段 347 巷 2 弄 27 號,03-5237441,4,http://www.railway.gov.tw/tra-tip-web/tip/tip00H/tipH41/viewStaInfo/1230
TRA-1240,1240,崎頂,Qiding,120.87213,24.72281,35054苗栗縣竹南鎮崎頂里北戶 55 號,037-472030,5,http://www.railway.gov.tw/tra-tip-web/tip/tip00H/tipH41/viewStaInfo/1240
TRA-1250,1250,竹南,Zhunan,120.88041,24.68663,35041苗栗縣竹南鎮竹南里中山路 166 號,037-472030,1,http://www.railway.gov.tw/tra-tip-web/tip/tip00H/tipH41/viewStaInfo/1250
TRA-2110,2110,談文,Tanwen,120.85825,24.65641,36143苗栗縣造橋鄉談文村仁愛路 29 號,037-472030,5,http://www.railway.gov.tw/tra-tip-web/tip/tip00H/tipH41/viewStaInfo/2110
TRA-2120,2120,大山,Dashan,120.80376,24.64565,35658苗栗縣後龍鎮大山里明山路 180 號,037-728616,4,http://www.railway.gov.tw/tra-tip-web/tip/tip00H/tipH41/viewStaInfo/2120
TRA-2130,2130,後龍,Houlong,120.78731,24.61621,35641苗栗縣後龍鎮北龍里車站街 127-2 號,037-728616,3,http://www.railway.gov.tw/tra-tip-web/tip/tip00H/tipH41/viewStaInfo/2130
TRA-2140,2140,龍港,Longgang,120.75812,24.61169,35668苗栗縣後龍鎮龍京里公司寮 85 號,037-728616,5,http://www.railway.gov.tw/tra-tip-web/tip/tip00H/tipH41/viewStaInfo/2140
TRA-2150,2150,白沙屯,Baishatun,120.70824,24.56481,35742苗栗縣通霄鎮白西里白西 131 號,037-793066,3,http://www.railway.gov.tw/tra-tip-web/tip/tip00H/tipH41/viewStaInfo/2150
TRA-2160,2160,新埔,Xinpu,120.69518,24.54018,35742苗栗縣通霄鎮新埔里新埔 57 號,037-793066,4,http://www.railway.gov.tw/tra-tip-web/tip/tip00H/tipH41/viewStaInfo/2160
TRA-2170,2170,通霄,Tongxiao,120.67843,24.49141,35741苗栗縣通霄鎮通西里中正路 109 號,037-758300,3,http://www.railway.gov.tw/tra-tip-web/tip/tip00H/tipH41/viewStaInfo/2170
TRA-2180,2180,苑裡,Yuanli,120.65146,24.44344,35841苗栗縣苑裡鎮苑北里中山路 165 號,037-851013,3,http://www.railway.gov.tw/tra-tip-web/tip/tip00H/tipH41/viewStaInfo/2180
TRA-2190,2190,日南,Rinan,120.65412,24.37805,43771臺中市大甲區孟春里中山路二段 140 巷 8 號,04-26816113,4,http://www.railway.gov.tw/tra-tip-web/tip/tip00H/tipH41/viewStaInfo/2190
TRA-2200,2200,大甲,Dajia,120.62702,24.34448,43744臺中市大甲區大甲里中山路一段 828 號,04-26872022,2,http://www.railway.gov.tw/tra-tip-web/tip/tip00H/tipH41/viewStaInfo/2200
TRA-2210,2210,臺中港,Taichung Port,120.60231,24.30441,43642臺中市清水區頂湳里甲南路 2 號,04-26225374,2,http://www.railway.gov.tw/tra-tip-web/tip/tip00H/tipH41/viewStaInfo/2210
TRA-2220,2220,清水,Qingshui,120.56918,24.26364,43653臺中市南社里中正街 115 號,04-26222021,3,http://www.railway.gov.tw/tra-tip-web/tip/tip00H/tipH41/viewStaInfo/2220
TRA-2230,2230,沙鹿,Shalu,120.55752,24.23702,43353臺中市沙鹿區沙鹿里中正街 94 號,04-26625057,2,http://www.railway.gov.tw/tra-tip-web/tip/tip00H/tipH41/viewStaInfo/2230
TRA-2240,2240,龍井,Longjing,120.54336,24.19745,43450臺中市龍井區龍泉里龍新路 1 號,04-26355578,3,http://www.railway.gov.tw/tra-tip-web/tip/tip00H/tipH41/viewStaInfo/2240
TRA-2250,2250,大肚,Dadu,120.54255,24.15401,43242臺中市大肚區頂街里平和街 121 號,04-26992523,3,http://www.railway.gov.tw/tra-tip-web/tip/tip00H/tipH41/viewStaInfo/2250
TRA-2260,2260,追分,Zhuifen,120.57014,24.12061,43245臺中市大肚區王田里追分街 13 號,04-26933106,3,http://www.railway.gov.tw/tra-tip-web/tip/tip00H/tipH41/viewStaInfo/2260
TRA-3140,3140,造橋,Zaoqiao,120.86719,24.64206,36144苗栗縣造橋鄉造橋村平仁路 54 號,037-472030,5,http://www.railway.gov.tw/tra-tip-web/tip/tip00H/tipH41/viewStaInfo/3140
TRA-3150,3150,豐富,Fengfu,120.82357,24.60131,35648苗栗縣後龍鎮校椅里高鐵一路 66 號,037-726700,4,http://www.railway.gov.tw/tra-tip-web/tip/tip00H/tipH41/viewStaInfo/3150
TRA-3160,3160,苗栗,Miaoli,120.82264,24.57002,36043苗栗縣苗栗市上苗里為公路 1 號,037-260031,1,http://www.railway.gov.tw/tra-tip-web/tip/tip00H/tipH41/viewStaInfo/3160
TRA-3170,3170,南勢,Nanshi,120.79157,24.52234,36063苗栗縣苗栗市新英里南勢 39 號,037-260031,5,http://www.railway.gov.tw/tra-tip-web/tip/tip00H/tipH41/viewStaInfo/3170
TRA-3180,3180,銅鑼,Tongluo,120.78616,24.48648,36641苗栗縣銅鑼鄉銅鑼村大同路 13 號,037-983838,3,http://www.railway.gov.tw/tra-tip-web/tip/tip00H/tipH41/viewStaInfo/3180
TRA-3190,3190,三義,Sanyi,120.77393,24.42066,36741苗栗縣三義鄉雙湖村雙湖 90 號,037-874763,3,http://www.railway.gov.tw/tra-tip-web/tip/tip00H/tipH41/viewStaInfo/3190
TRA-3210,3210,泰安,Tai'an,120.74181,24.33146,42156臺中市后里區泰安里安眉路 37 之 12 號,04-25586540,4,http://www.railway.gov.tw/tra-tip-web/tip/tip00H/tipH41/viewStaInfo/3210
TRA-3220,3220,后里,Houli,120.73288,24.30933,42142臺中市后里區義里里甲后路一段 1 號,04-25562038,3,http://www.railway.gov.tw/tra-tip-web/tip/tip00H/tipH41/viewStaInfo/3220
TRA-3230,3230,豐原,Fengyuan,120.72291,24.25413,42056臺中市豐原區豐原里中正路 1 號,04-25207950#32,1,http://www.railway.gov.tw/tra-tip-web/tip/tip00H/tipH41/viewStaInfo/3230
TRA-3240,3240,栗林,Lilin,120.71069,24.23481,427臺中市潭子區潭豐路二段747號,04-25391401,4,http://www.railway.gov.tw/tra-tip-web/tip/tip00H/tipH41/viewStaInfo/3240
TRA-3250,3250,潭子,Tanzi,120.70557,24.21283,42751臺中市潭子區中山路二段352-1號,04-25363852,3,http://www.railway.gov.tw/tra-tip-web/tip/tip00H/tipH41/viewStaInfo/3250
TRA-3260,3260,頭家厝,Toujiacuo,120.70398,24.19572,427臺中市潭子區頭張東路43巷8號,04-25391426,4,http://www.railway.gov.tw/tra-tip-web/tip/tip00H/tipH41/viewStaInfo/3260
TRA-3270,3270,松竹,Songzhu,120.70197,24.17983,406臺中市北屯區舊社里松竹路一段1473巷100號,04-22473033,4,http://www.railway.gov.tw/tra-tip-web/tip/tip00H/tipH41/viewStaInfo/3270
TRA-3280,3280,太原,Taiyuan,120.69981,24.16413,40645臺中市北屯區北興里東光路 665 號,04-22313926,4,http://www.railway.gov.tw/tra-tip-web/tip/tip00H/tipH41/viewStaInfo/3280
TRA-3290,3290,精武,Jingwu,120.69773,24.14917,40151臺中市東區東南里東光路 161號,04-23606501,4,http://www.railway.gov.tw/tra-tip-web/tip/tip00H/tipH41/viewStaInfo/3290
TRA-3300,3300,臺中,Taichung,120.68527,24.13661,40043臺中市中區綠川里臺灣大道一段 1 號,04-22227236,0,http://www.railway.gov.tw/tra-tip-web/tip/tip00H/tipH41/viewStaInfo/3300
TRA-3310,3310,五權,Wuquan,120.66644,24.12877,402臺中市南區建國南路二段201號,04-22601636,4,http://www.railway.gov.tw/tra-tip-web/tip/tip00H/tipH41/viewStaInfo/3310
TRA-3320,3320,大慶,Daqing,120.64791,24.11891,40242臺中市南區樹德里7鄰大慶街2段130號,04-22637940,4,http://www.railway.gov.tw/tra-tip-web/tip/tip00H/tipH41/viewStaInfo/3320
TRA-3330,3330,烏日,Wuri,120.62244,24.10867,41442臺中市烏日區烏日里三民街 258 號,04-23381071,4,http://www.railway.gov.tw/tra-tip-web/tip/tip00H/tipH41/viewStaInfo/3330
TRA-3340,3340,新烏日,Xinwuri,120.61429,24.10976,41456臺中市烏日區三和里高鐵東一路 26 號,04-23376883,2,http://www.railway.gov.tw/tra-tip-web/tip/tip00H/tipH41/viewStaInfo/3340
TRA-3350,3350,成功,Chenggong,120.59021,24.11424,41453臺中市烏日區榮泉里中山路三段 550 號,04-23371986,3,http://www.railway.gov.tw/tra-tip-web/tip/tip00H/tipH41/viewStaInfo/3350
TRA-3360,3360,彰化,Changhua,120.53828,24.08171,50043彰化縣彰化市長樂里三民路 1 號,04-7274218#11,1,http://www.railway.gov.tw/tra-tip-web/tip/tip00H/tipH41/viewStaInfo/3360
TRA-3370,3370,花壇,Huatan,120.53759,24.02521,50341彰化縣花壇鄉花壇村中正路 370 號,04-7881418,4,http://www.railway.gov.tw/tra-tip-web/tip/tip00H/tipH41/viewStaInfo/3370
TRA-3380,3380,大村,Dacun,120.56068,23.99003,515彰化縣大村鄉過溝村福進路 100 號,04-8525148,4,http://www.railway.gov.tw/tra-tip-web/tip/tip00H/tipH41/viewStaInfo/3380
TRA-3390,3390,員林,Yuanlin,120.56995,23.95933,51041彰化縣員林市和平里民權街 55 號,04-8320544#15,1,http://www.railway.gov.tw/tra-tip-web/tip/tip00H/tipH41/viewStaInfo/3390
TRA-3400,3400,永靖,Yongjing,120.57165,23.92811,51241彰化縣永靖鄉崙子村永崙路 25 號,04-8320544#15,5,http://www.railway.gov.tw/tra-tip-web/tip/tip00H/tipH41/viewStaInfo/3400
TRA-3410,3410,社頭,Shetou,120.58082,23.89571,51155彰化縣社頭鄉廣興村社站路 10 號,04-8711646,3,http://www.railway.gov.tw/tra-tip-web/tip/tip00H/tipH41/viewStaInfo/3410
TRA-3420,3420,田中,Tianzhong,120.59121,23.85827,52042彰化縣田中鎮中路里中州路一段 1 號,04-8742142,2,http://www.railway.gov.tw/tra-tip-web/tip/tip00H/tipH41/viewStaInfo/3420
TRA-3430,3430,二水,Ershui,120.61805,23.81321,53042彰化縣二水鄉光化村光文路 1 號,04-8792027,2,http://www.railway.gov.tw/tra-tip-web/tip/tip00H/tipH41/viewStaInfo/3430
TRA-3431,3431,源泉,Yuanquan,120.64208,23.79846,530彰化縣二水鄉合興村英義路 (無站房),04-8792027,5,http://www.railway.gov.tw/tra-tip-web/tip/tip00H/tipH41/viewStaInfo/3431
TRA-3432,3432,濁水,Zhuoshui,120.70467,23.83467,55141南投縣名間鄉濁水村車站路 15 號,049-2735850,4,http://www.railway.gov.tw/tra-tip-web/tip/tip00H/tipH41/viewStaInfo/3432
TRA-3433,3433,龍泉,Longquan,120.74996,23.83521,552南投縣集集鎮隘寮村龍泉巷 (無站房),04-8792027,5,http://www.railway.gov.tw/tra-tip-web/tip/tip00H/tipH41/viewStaInfo/3433
TRA-3434,3434,集集,Jiji,120.78491,23.82653,55241南投縣集集鎮吳厝里民生路 75 號,049-2762546,5,http://www.railway.gov.tw/tra-tip-web/tip/tip00H/tipH41/viewStaInfo/3434
TRA-3435,3435,水里,Shuili,120.85333,23.81844,55353南投縣水里鄉水里村民生路 440 號,049-2770015,4,http://www.railway.gov.tw/tra-tip-web/tip/tip00H/tipH41/viewStaInfo/3435
TRA-3436,3436,車埕,Checheng,120.86572,23.83263,55345南投縣水里鄉車埕村民權巷 2 號,049-2774749,5,http://www.railway.gov.tw/tra-tip-web/tip/tip00H/tipH41/viewStaInfo/3436
TRA-3450,3450,林內,Linnei,120.61499,23.75967,64341雲林縣林內鄉林中村中山路 42 號,05-5892040,3,http://www.railway.gov.tw/tra-tip-web/tip/tip00H/tipH41/viewStaInfo/3450
TRA-3460,3460,石榴,Shiliu,120.57998,23.73167,64071雲林縣斗六市榴北里文明路 31 號,05-5332900,5,http://www.railway.gov.tw/tra-tip-web/tip/tip00H/tipH41/viewStaInfo/3460
TRA-3470,3470,斗六,Douliu,120.54117,23.71157,64050雲林縣斗六市信義里民生路 187 號,05-5332900,1,http://www.railway.gov.tw/tra-tip-web/tip/tip00H/tipH41/viewStaInfo/3470
TRA-3480,3480,斗南,Dounan,120.48082,23.67302,63042雲林縣斗南鎮南昌里中山路 2 號,05-5972039,2,http://www.railway.gov.tw/tra-tip-web/tip/tip00H/tipH41/viewStaInfo/3480
TRA-3490,3490,石龜,Shigui,120.47106,23.63951,630雲林縣斗南鎮石龜里,05-5972039,5,http://www.railway.gov.tw/tra-tip-web/tip/tip00H/tipH41/viewStaInfo/3490
TRA-4050,4050,大林,Dalin,120.45585,23.60112,62242嘉義縣大林鎮吉林里中山路 2 號,05-2654804,3,http://www.railway.gov.tw/tra-tip-web/tip/tip00H/tipH41/viewStaInfo/4050
TRA-4060,4060,民雄,Minxiong,120.43136,23.55502,62142嘉義縣民雄鄉東榮村和平路 2 號,05-2264272,3,http://www.railway.gov.tw/tra-tip-web/tip/tip00H/tipH41/viewStaInfo/4060
TRA-4070,4070,嘉北,Jiabei,120.44852,23.49985,60079嘉義市 東區後湖里保建街 110 號,05-2334584,4,http://www.railway.gov.tw/tra-tip-web/tip/tip00H/tipH41/viewStaInfo/4070
TRA-4080,4080,嘉義,Chiayi,120.44124,23.47902,60041嘉義市 西區番社里中山路 528 號,05-2228904,1,http://www.railway.gov.tw/tra-tip-web/tip/tip00H/tipH41/viewStaInfo/4080
TRA-4090,4090,水上,Shuishang,120.39961,23.43389,60841嘉義縣水上鄉下寮村鴿溪寮 49 號,05-2228904,4,http://www.railway.gov.tw/tra-tip-web/tip/tip00H/tipH41/viewStaInfo/4090
TRA-4100,4100,南靖,Nanjing,120.38647,23.41346,60859嘉義縣水上鄉三鎮村三鎮路 26 號,05-2601232,4,http://www.railway.gov.tw/tra-tip-web/tip/tip00H/tipH41/viewStaInfo/4100
TRA-4110,4110,後壁,Houbi,120.36058,23.36626,73143臺南市後壁區後壁里後壁 77 號,06-6872055,4,http://www.railway.gov.tw/tra-tip-web/tip/tip00H/tipH41/viewStaInfo/4110
TRA-4120,4120,新營,Xinying,120.32344,23.30658,73045臺南市新營區中營里中山路 1 號,06-6322104,1,http://www.railway.gov.tw/tra-tip-web/tip/tip00H/tipH41/viewStaInfo/4120
TRA-4130,4130,柳營,Liuying,120.32252,23.27762,73657臺南市柳營區東昇里建國路 1 號,06-6226450,4,http://www.railway.gov.tw/tra-tip-web/tip/tip00H/tipH41/viewStaInfo/4130
TRA-4140,4140,林鳳營,Linfengying,120.32107,23.24259,73444臺南市六甲區中社里林鳳營 16 號,06-6986086,4,http://www.railway.gov.tw/tra-tip-web/tip/tip00H/tipH41/viewStaInfo/4140
TRA-4150,4150,隆田,Longtian,120.31917,23.19271,72041臺南市官田區隆田里中山路一段 1 號,06-5791664,2,http://www.railway.gov.tw/tra-tip-web/tip/tip00H/tipH41/viewStaInfo/4150
TRA-4160,4160,拔林,Balin,120.32117,23.17287,72044臺南市官田區拔林里拔子林 83 之 1 號,06-5791664,5,http://www.railway.gov.tw/tra-tip-web/tip/tip00H/tipH41/viewStaInfo/4160
TRA-4170,4170,善化,Shanhua,120.30653,23.13333,74154臺南市善化區光文里中山路 1 號,06-5837301,2,http://www.railway.gov.tw/tra-tip-web/tip/tip00H/tipH41/viewStaInfo/4170
TRA-4180,4180,南科,Nanke,120.30175,23.10714,74443臺南市新市區大營里大營 287-300 號,06-5896356,4,http://www.railway.gov.tw/tra-tip-web/tip/tip00H/tipH41/viewStaInfo/4180
TRA-4190,4190,新市,Xinshi,120.29004,23.06816,74448臺南市新市區新和里中華路 1 號,06-5996911,3,http://www.railway.gov.tw/tra-tip-web/tip/tip00H/tipH41/viewStaInfo/4190
TRA-4200,4200,永康,Yongkang,120.25374,23.03873,71090臺南市永康區埔園里中山路 459 號,06-2323305,2,http://www.railway.gov.tw/tra-tip-web/tip/tip00H/tipH41/viewStaInfo/4200
TRA-4210,4210,大橋,Daqiao,120.22449,23.01951,71049臺南市永康區西橋里中華路 835 號,06-3021755,4,http://www.railway.gov.tw/tra-tip-web/tip/tip00H/tipH41/viewStaInfo/4210
TRA-4220,4220,臺南,Tainan,120.21231,22.99719,70146臺南市東區成大里北門路二段 4 號,06-2261314,1,http://www.railway.gov.tw/tra-tip-web/tip/tip00H/tipH41/viewStaInfo/4220
TRA-4250,4250,保安,Bao'an,120.23143,22.93289,71755臺南市仁德區保安里文賢路一段 529 巷 10 號,06-2665988,3,http://www.railway.gov.tw/tra-tip-web/tip/tip00H/tipH41/viewStaInfo/4250
TRA-4260,4260,仁德,Rende,120.24061,22.92364,71750臺南市仁德區保安里永德路 10 號,06-2669383,4,http://www.railway.gov.tw/tra-tip-web/tip/tip00H/tipH41/viewStaInfo/4260
TRA-4270,4270,中洲,Zhongzhou,120.25286,22.90466,71754臺南市仁德區中洲五街236號,06-2667191,2,http://www.railway.gov.tw/tra-tip-web/tip/tip00H/tipH41/viewStaInfo/4270
TRA-4271,4271,長榮大學,Chang Jung Christian University,120.27274,22.90735,71150臺南市歸仁區大潭里長大路15 號,06-2782615,4,http://www.railway.gov.tw/tra-tip-web/tip/tip00H/tipH41/viewStaInfo/4271
TRA-4272,4272,沙崙,Shalun,120.28635,22.92419,71151臺南市歸仁區沙崙里歸仁大道 102 號,06-3032686,4,http://www.railway.gov.tw/tra-tip-web/tip/tip00H/tipH41/viewStaInfo/4272
TRA-4290,4290,大湖,Dahu,120.25384,22.87821,82144高雄市路竹區甲南里天祐路 24 號,07-6932127,3,http://www.railway.gov.tw/tra-tip-web/tip/tip00H/tipH41/viewStaInfo/4290
TRA-4300,4300,路竹,Luzhu,120.26619,22.85404,82146高雄市路竹區竹南里中正路 288 號,07-6072723,3,http://www.railway.gov.tw/tra-tip-web/tip/tip00H/tipH41/viewStaInfo/4300
TRA-4310,4310,岡山,Gangshan,120.30008,22.79251,82065高雄市岡山區碧紅里岡燕路 111 號,07-6212074,1,http://www.railway.gov.tw/tra-tip-web/tip/tip00H/tipH41/viewStaInfo/4310
TRA-4320,4320,橋頭,Qiaotou,120.31043,22.76113,82548高雄市橋頭區橋頭里站前街 14 號,07-6115424,3,http://www.railway.gov.tw/tra-tip-web/tip/tip00H/tipH41/viewStaInfo/4320
TRA-4330,4330,楠梓,Nanzi,120.32453,22.72717,81162高雄市惠楠里建楠路 229 號,07-3510175,2,http://www.railway.gov.tw/tra-tip-web/tip/tip00H/tipH41/viewStaInfo/4330
TRA-4340,4340,新左營,Xinzuoying,120.30721,22.68721,81354高雄市左營區尾北里站前北路 1 號,07-5887825,1,http://www.railway.gov.tw/tra-tip-web/tip/tip00H/tipH41/viewStaInfo/4340
TRA-4350,4350,左營,Zuoying,120.29441,22.67441,81351高雄市左營區翠華路1050號地下1層,07-5887835,4,http://www.railway.gov.tw/tra-tip-web/tip/tip00H/tipH41/viewStaInfo/4350
TRA-4360,4360,內惟,Neiwei,120.28691,22.66611,804高雄市鼓山區翠華路500號地下1層,07-5886119,4,http://www.railway.gov.tw/tra-tip-web/tip/tip00H/tipH41/viewStaInfo/4360
TRA-4370,4370,美術館,Museum of Fine Arts,120.28163,22.65298,80460高雄市鼓山區翠華路246號,07-5215147,4,http://www.railway.gov.tw/tra-tip-web/tip/tip00H/tipH41/viewStaInfo/4370
TRA-4380,4380,鼓山,Gushan,120.28071,22.64169,80445高雄市鼓山區鐵路街20巷6號,07-5217014,4,http://www.railway.gov.tw/tra-tip-web/tip/tip00H/tipH41/viewStaInfo/4380
TRA-4390,4390,三塊厝,Sankuaicuo,120.29381,22.63901,80748高雄市三民區德北里6鄰康平街1號,07-2856234,4,http://www.railway.gov.tw/tra-tip-web/tip/tip00H/tipH41/viewStaInfo/4390
TRA-4400,4400,高雄,Kaohsiung,120.30313,22.63801,80750高雄市三民區港西里建國二路 318 號,07-2352376,0,http://www.railway.gov.tw/tra-tip-web/tip/tip00H/tipH41/viewStaInfo/4400
TRA-4410,4410,民族,Minzu,120.31479,22.63881,807高雄市三民區博惠里14鄰凱旋一路260號,07-2231492,4,http://www.railway.gov.tw/tra-tip-web/tip/tip00H/tipH41/viewStaInfo/4410
TRA-4420,4420,科工館,Science And Technology Museum,120.32663,22.63702,807高雄市三民區寶盛里15鄰大順三路307號,07-2234778,4,http://www.railway.gov.tw/tra-tip-web/tip/tip00H/tipH41/viewStaInfo/4420
TRA-4430,4430,正義,Zhengyi,120.34245,22.63425,802高雄市苓雅區建軍里正義路 308 號 B1,07-7999818,4,http://www.railway.gov.tw/tra-tip-web/tip/tip00H/tipH41/viewStaInfo/4430
TRA-4440,4440,鳳山,Fongshan,120.35746,22.63131,83064高雄市鳳山區曹公里曹公路 137 號,07-7460423,2,http://www.railway.gov.tw/tra-tip-web/tip/tip00H/tipH41/viewStaInfo/4440
TRA-4450,4450,後庄,Houzhuang,120.39132,22.64013,83143高雄市大寮區後庄里民慶街 9 號,07-7020149,4,http://www.railway.gov.tw/tra-tip-web/tip/tip00H/tipH41/viewStaInfo/4450
TRA-4460,4460,九曲堂,Jiuqutang,120.42072,22.65658,84041高雄市大樹區久堂里久堂路鐵路巷 15 號,07-6512020,3,http://www.railway.gov.tw/tra-tip-web/tip/tip00H/tipH41/viewStaInfo/4460
TRA-4470,4470,六塊厝,Liukuaicuo,120.46491,22.66619,90082屏東縣屏東市長安里光復路 392 號,08-7515140,5,http://www.railway.gov.tw/tra-tip-web/tip/tip00H/tipH41/viewStaInfo/4470
TRA-5000,5000,屏東,Pingtung,120.48627,22.66961,90078屏東縣屏東市擇仁里公勇路 62 號,08-7515140,1,http://www.railway.gov.tw/tra-tip-web/tip/tip00H/tipH41/viewStaInfo/5000
TRA-5010,5010,歸來,Guilai,120.50294,22.65214,90043屏東縣屏東市歸來里歸仁路 5 之 4 號,08-7515140,5,http://www.railway.gov.tw/tra-tip-web/tip/tip00H/tipH41/viewStaInfo/5010
TRA-5020,5020,麟洛,Linluo,120.51446,22.63478,90941屏東縣麟洛鄉田道村中華路站前巷 15 號,08-7515140,5,http://www.railway.gov.tw/tra-tip-web/tip/tip00H/tipH41/viewStaInfo/5020
TRA-5030,5030,西勢,Xishi,120.52677,22.61661,91142屏東縣竹田鄉西勢村西豐路 2 號,08-7784521,3,http://www.railway.gov.tw/tra-tip-web/tip/tip00H/tipH41/viewStaInfo/5030
TRA-5040,5040,竹田,Zhutian,120.54009,22.58648,91144屏東縣竹田鄉履豐村豐明路29 號,08-7711002,4,http://www.railway.gov.tw/tra-tip-web/tip/tip00H/tipH41/viewStaInfo/5040
TRA-5050,5050,潮州,Chaozhou,120.53662,22.55007,92045屏東縣潮州鎮新榮里信義路 111 號,08-7882739,1,http://www.railway.gov.tw/tra-tip-web/tip/tip00H/tipH41/viewStaInfo/5050
TRA-5060,5060,崁頂,Kanding,120.51481,22.51311,92442屏東縣崁頂鄉崁頂村中正路 122 號,08-7882739,5,http://www.railway.gov.tw/tra-tip-web/tip/tip00H/tipH41/viewStaInfo/5060
TRA-5070,5070,南州,Nanzhou,120.51159,22.49203,92643屏東縣南州鄉仁里村仁里路 86 號,08-8642942,3,http://www.railway.gov.tw/tra-tip-web/tip/tip00H/tipH41/viewStaInfo/5070
TRA-5080,5080,鎮安,Zhen'an,120.51151,22.45794,92748屏東縣林邊鄉鎮安村永和路 4 號,08-8642942,5,http://www.railway.gov.tw/tra-tip-web/tip/tip00H/tipH41/viewStaInfo/5080
TRA-5090,5090,林邊,Linbian,120.51538,22.43141,92744屏東縣林邊鄉仁和村仁愛路 33 號,08-8751475,3,http://www.railway.gov.tw/tra-tip-web/tip/tip00H/tipH41/viewStaInfo/5090
TRA-5100,5100,佳冬,Jiadong,120.54782,22.41416,931屏東縣佳冬鄉六根村復興路21號,08-8662939,4,http://www.railway.gov.tw/tra-tip-web/tip/tip00H/tipH41/viewStaInfo/5100
TRA-5110,5110,東海,Donghai,120.57252,22.39903,94042屏東縣枋寮鄉東海村西安路 92 號,08-8782041,5,http://www.railway.gov.tw/tra-tip-web/tip/tip00H/tipH41/viewStaInfo/5110
TRA-5120,5120,枋寮,Fangliao,120.59501,22.36786,94043屏東縣枋寮鄉枋寮村儲運路 18 號,08-8782041,2,http://www.railway.gov.tw/tra-tip-web/tip/tip00H/tipH41/viewStaInfo/5120
TRA-5130,5130,加祿,Jialu,120.62445,22.33085,94145屏東縣枋山鄉加祿村會社 53 號,08-8720791,3,http://www.railway.gov.tw/tra-tip-web/tip/tip00H/tipH41/viewStaInfo/5130
TRA-5140,5140,內獅,Neishi,120.64322,22.30615,94150屏東縣枋山鄉加祿村南和 43 號,08-8720791,5,http://www.railway.gov.tw/tra-tip-web/tip/tip00H/tipH41/viewStaInfo/5140
TRA-5160,5160,枋山,Fangshan,120.65968,22.26677,94350屏東縣獅子鄉內獅村內獅巷 84 號,08-8720791,4,http://www.railway.gov.tw/tra-tip-web/tip/tip00H/tipH41/viewStaInfo/5160
TRA-5170,5170,枋野,Fangye,120.71709,22.28091,94350屏東縣獅子鄉內獅村內獅巷 88 號,08-8761953,3,http://www.railway.gov.tw/tra-tip-web/tip/tip00H/tipH41/viewStaInfo/5170
TRA-5190,5190,大武,Dawu,120.90091,22.36537,96541臺東縣大武鄉大鳥村和平部落 33 號,089-792056,3,http://www.railway.gov.tw/tra-tip-web/tip/tip00H/tipH41/viewStaInfo/5190
TRA-5200,5200,瀧溪,Longxi,120.94188,22.46072,96345臺東縣太麻里鄉多良村大溪 37 號,089-761482,4,http://www.railway.gov.tw/tra-tip-web/tip/tip00H/tipH41/viewStaInfo/5200
TRA-5210,5210,金崙,Jinlun,120.96721,22.53161,96344臺東縣太麻里鄉金崙村金崙 47 之 17 號,089-771068,3,http://www.railway.gov.tw/tra-tip-web/tip/tip00H/tipH41/viewStaInfo/5210
TRA-5220,5220,太麻里,Taimali,121.00505,22.61879,96346臺東縣太麻里鄉大王村站前路 2 號,089-781544,3,http://www.railway.gov.tw/tra-tip-web/tip/tip00H/tipH41/viewStaInfo/5220
TRA-5230,5230,知本,Zhiben,121.06128,22.71008,95093臺東縣臺東市知本里知本路二段 900 巷 85 號,089-514482,3,http://www.railway.gov.tw/tra-tip-web/tip/tip00H/tipH41/viewStaInfo/5230
TRA-5240,5240,康樂,Kangle,121.09338,22.76406,95060臺東縣臺東市康樂里博物館路 51 巷 131 號,089-383107,4,http://www.railway.gov.tw/tra-tip-web/tip/tip00H/tipH41/viewStaInfo/5240
TRA-5999,5999,潮州基地,Chaozhou Railway Workshop,120.52642,22.52231,92054屏東縣潮州鎮光春里光復路 616 號,08-7889880,4,http://www.railway.gov.tw/tra-tip-web/tip/tip00H/tipH41/viewStaInfo/5999
TRA-6000,6000,臺東,Taitung,121.12326,22.79375,95058臺東縣臺東市岩灣里岩灣路 101 巷 598 號,089-229687,1,http://www.railway.gov.tw/tra-tip-web/tip/tip00H/tipH41/viewStaInfo/6000
TRA-6010,6010,山里,Shanli,121.13778,22.86194,95443臺東縣卑南鄉嘉豐村山里路 108 號,089-572370,3,http://www.railway.gov.tw/tra-tip-web/tip/tip00H/tipH41/viewStaInfo/6010
TRA-6020,6020,鹿野,Luye,121.13696,22.91251,95542臺東縣鹿野鄉鹿野村中正路 38 號,089-550217,3,http://www.railway.gov.tw/tra-tip-web/tip/tip00H/tipH41/viewStaInfo/6020
TRA-6030,6030,瑞源,Ruiyuan,121.15902,22.95613,95543臺東縣鹿野鄉瑞源村瑞景路一段 336 巷 8 號 之 1,089-580159,3,http://www.railway.gov.tw/tra-tip-web/tip/tip00H/tipH41/viewStaInfo/6030
TRA-6040,6040,瑞和,Ruihe,121.15573,22.98001,95543臺東縣鹿野鄉瑞和村瑞景路三段 1 之 1 號,089-580159,5,http://www.railway.gov.tw/tra-tip-web/tip/tip00H/tipH41/viewStaInfo/6040
TRA-6050,6050,關山,Guanshan,121.16441,23.04564,95662臺東縣關山鎮里壠里博愛路 2 號,089-811033,3,http://www.railway.gov.tw/tra-tip-web/tip/tip00H/tipH41/viewStaInfo/6050
TRA-6060,6060,海端,Haiduan,121.17695,23.10257,95664臺東縣關山鎮德高里西莊 49 號,089-811033,4,http://www.railway.gov.tw/tra-tip-web/tip/tip00H/tipH41/viewStaInfo/6060
TRA-6070,6070,池上,Chishang,121.21945,23.12628,95862臺東縣池上鄉福文村鐵花路 30 號,089-862097,3,http://www.railway.gov.tw/tra-tip-web/tip/tip00H/tipH41/viewStaInfo/6070
TRA-6080,6080,富里,Fuli,121.24864,23.17935,98341花蓮縣富里鄉富里村車站街 56 號,03-8831771,3,http://www.railway.gov.tw/tra-tip-web/tip/tip00H/tipH41/viewStaInfo/6080
TRA-6090,6090,東竹,Dongzhu,121.27844,23.22612,98391花蓮縣富里鄉新興村新興 26 號,03-8821504,3,http://www.railway.gov.tw/tra-tip-web/tip/tip00H/tipH41/viewStaInfo/6090
TRA-6100,6100,東里,Dongli,121.30575,23.27127,98392花蓮縣富里鄉東里村大莊路 15 之 6 號,03-8861005,3,http://www.railway.gov.tw/tra-tip-web/tip/tip00H/tipH41/viewStaInfo/6100
TRA-6110,6110,玉里,Yuli,121.31181,23.33161,98143花蓮縣玉里鎮中城里康樂街 39 號,03-8882020,1,http://www.railway.gov.tw/tra-tip-web/tip/tip00H/tipH41/viewStaInfo/6110
TRA-6120,6120,三民,Sanmin,121.34561,23.42463,98191花蓮縣玉里鎮三民里三民 10 號,03-8841847,3,http://www.railway.gov.tw/tra-tip-web/tip/tip00H/tipH41/viewStaInfo/6120
TRA-6130,6130,瑞穗,Ruisui,121.37689,23.49739,97841花蓮縣瑞穗鄉瑞穗村四維街 13 號,03-8875039,3,http://www.railway.gov.tw/tra-tip-web/tip/tip00H/tipH41/viewStaInfo/6130
TRA-6140,6140,富源,Fuyuan,121.38003,23.58028,97843花蓮縣瑞穗鄉富源村富源路 2 號,03-8811824,3,http://www.railway.gov.tw/tra-tip-web/tip/tip00H/tipH41/viewStaInfo/6140
TRA-6150,6150,大富,Dafu,121.38969,23.60572,97644花蓮縣光復鄉大富村明德路 1 號,03-8811824,5,http://www.railway.gov.tw/tra-tip-web/tip/tip00H/tipH41/viewStaInfo/6150
TRA-6160,6160,光復,Guangfu,121.42125,23.66633,97645花蓮縣光復鄉大安村中正路一段 2 之 1 號,03-8704143,3,http://www.railway.gov.tw/tra-tip-web/tip/tip00H/tipH41/viewStaInfo/6160
TRA-6170,6170,萬榮,Wanrong,121.41907,23.71199,97543花蓮縣鳳林鎮長橋里長德街 17 號,03-8752175,3,http://www.railway.gov.tw/tra-tip-web/tip/tip00H/tipH41/viewStaInfo/6170
TRA-6180,6180,鳳林,Fenglin,121.44708,23.74625,97545花蓮縣鳳林鎮鳳智里中山路 43 號,03-8762004,3,http://www.railway.gov.tw/tra-tip-web/tip/tip00H/tipH41/viewStaInfo/6180
TRA-6190,6190,南平,Nanping,121.45833,23.78228,97542花蓮縣鳳林鎮南平里自強路 233 號,03-8771597,3,http://www.railway.gov.tw/tra-tip-web/tip/tip00H/tipH41/viewStaInfo/6190
TRA-6200,6200,林榮新光,Linrong Shin Kong,121.46166,23.80167,97542花蓮縣鳳林鎮兆豐路800號,03-8772677,4,http://www.railway.gov.tw/tra-tip-web/tip/tip00H/tipH41/viewStaInfo/6200
TRA-6210,6210,豐田,Fengtian,121.49619,23.84836,97451花蓮縣壽豐鄉豐山村站前街 36 號,03-8654251,4,http://www.railway.gov.tw/tra-tip-web/tip/tip00H/tipH41/viewStaInfo/6210
TRA-6220,6220,壽豐,Shoufeng,121.51064,23.86901,97442花蓮縣壽豐鄉壽豐村壽山路 1 號,03-8653706,3,http://www.railway.gov.tw/tra-tip-web/tip/tip00H/tipH41/viewStaInfo/6220
TRA-6230,6230,平和,Pinghe,121.52036,23.88275,97445花蓮縣壽豐鄉平和村平和路 1 號,03-8653706,5,http://www.railway.gov.tw/tra-tip-web/tip/tip00H/tipH41/viewStaInfo/6230
TRA-6240,6240,志學,Zhixue,121.52947,23.90751,97443花蓮縣壽豐鄉志學村中正路 1 號,03-8662966,3,http://www.railway.gov.tw/tra-tip-web/tip/tip00H/tipH41/viewStaInfo/6240
TRA-6250,6250,吉安,Ji'an,121.58261,23.96825,97350花蓮縣吉安鄉南昌村南昌路1號,03-8539423,3,http://www.railway.gov.tw/tra-tip-web/tip/tip00H/tipH41/viewStaInfo/6250
TRA-7000,7000,花蓮,Hualien,121.60158,23.99264,97055花蓮縣花蓮市國聯里國聯一路 100 號,03-8355941,0,http://www.railway.gov.tw/tra-tip-web/tip/tip00H/tipH41/viewStaInfo/7000
TRA-7010,7010,北埔,Beipu,121.60189,24.03251,97147花蓮縣新城鄉北埔村自強街 113 號,03-8263809,3,http://www.railway.gov.tw/tra-tip-web/tip/tip00H/tipH41/viewStaInfo/7010
TRA-7020,7020,景美,Jingmei,121.61103,24.09039,97243花蓮縣秀林鄉景美村加灣 178 之 1 號,03-8611237,4,http://www.railway.gov.tw/tra-tip-web/tip/tip00H/tipH41/viewStaInfo/7020
TRA-7030,7030,新城,Xincheng,121.64103,24.12761,97163花蓮縣新城鄉新城村新興一路 73 號,03-8611237,2,http://www.railway.gov.tw/tra-tip-web/tip/tip00H/tipH41/viewStaInfo/7030
TRA-7040,7040,崇德,Chongde,121.65555,24.17111,97253花蓮縣秀林鄉崇德村海濱路 96 號,03-8621365,3,http://www.railway.gov.tw/tra-tip-web/tip/tip00H/tipH41/viewStaInfo/7040
TRA-7050,7050,和仁,Heren,121.71192,24.24219,97291花蓮縣秀林鄉和平村和仁 71 號,03-8681221,3,http://www.railway.gov.tw/tra-tip-web/tip/tip00H/tipH41/viewStaInfo/7050
TRA-7060,7060,和平,Heping,121.75322,24.29825,97291花蓮縣秀林鄉和平村和平 276 號,03-8681009,2,http://www.railway.gov.tw/tra-tip-web/tip/tip00H/tipH41/viewStaInfo/7060
TRA-7070,7070,漢本,Hanben,121.76878,24.33561,27247宜蘭縣南澳鄉澳花村蘇花路一段 56 號,03-9985238,3,http://www.railway.gov.tw/tra-tip-web/tip/tip00H/tipH41/viewStaInfo/7070
TRA-7080,7080,武塔,Wuta,121.77601,24.44879,27245宜蘭縣南澳鄉武塔村新溪路 18 號,03-9981971,5,http://www.railway.gov.tw/tra-tip-web/tip/tip00H/tipH41/viewStaInfo/7080
TRA-7090,7090,南澳,Nan'ao,121.80103,24.46342,27092宜蘭縣蘇澳鎮南強里大通路 22 號,03-9981971,3,http://www.railway.gov.tw/tra-tip-web/tip/tip00H/tipH41/viewStaInfo/7090
TRA-7100,7100,東澳,Dong'ao,121.83071,24.51828,27291宜蘭縣南澳鄉東岳村東岳路 1 號,03-9986053,2,http://www.railway.gov.tw/tra-tip-web/tip/tip00H/tipH41/viewStaInfo/7100
TRA-7110,7110,永樂,Yongle,121.84458,24.56843,27046宜蘭縣蘇澳鎮永樂里圳頭路 60 號,03-9961889,3,http://www.railway.gov.tw/tra-tip-web/tip/tip00H/tipH41/viewStaInfo/7110
TRA-7120,7120,蘇澳,Su'ao,121.85145,24.59539,27048宜蘭縣蘇澳鎮蘇南里太平路 1 號,03-9962028,2,http://www.railway.gov.tw/tra-tip-web/tip/tip00H/tipH41/viewStaInfo/7120
TRA-7130,7130,蘇澳新,Su'aoxin,121.82719,24.60852,27048宜蘭縣蘇澳鎮聖愛里中山路二段 238 之 1 號,03-9961004,1,http://www.railway.gov.tw/tra-tip-web/tip/tip00H/tipH41/viewStaInfo/7130
TRA-7140,7140,新馬,Xinma,121.82292,24.61535,27048宜蘭縣蘇澳鎮新城里中山路二段 322 號,03-9961004,5,http://www.railway.gov.tw/tra-tip-web/tip/tip00H/tipH41/viewStaInfo/7140
TRA-7150,7150,冬山,Dongshan,121.79461,24.63511,26946宜蘭縣冬山鄉冬山村中正路 1 號,03-9594221,3,http://www.railway.gov.tw/tra-tip-web/tip/tip00H/tipH41/viewStaInfo/7150
TRA-7160,7160,羅東,Luodong,121.77424,24.67795,26550宜蘭縣羅東鎮大新里公正路 2 號,03-9542117,2,http://www.railway.gov.tw/tra-tip-web/tip/tip00H/tipH41/viewStaInfo/7160
TRA-7170,7170,中里,Zhongli_Yilan,121.77526,24.69415,26844宜蘭縣五結鄉中興村台興路 10 號,03-9542117,5,http://www.railway.gov.tw/tra-tip-web/tip/tip00H/tipH41/viewStaInfo/7170
TRA-7180,7180,二結,Erjie,121.77411,24.70529,26843宜蘭縣五結鄉五結中路三段658巷8號,03-9650304,3,http://www.railway.gov.tw/tra-tip-web/tip/tip00H/tipH41/viewStaInfo/7180
TRA-7190,7190,宜蘭,Yilan,121.75791,24.75462,26043宜蘭縣宜蘭市和睦里光復路 1 號,03-9323801,1,http://www.railway.gov.tw/tra-tip-web/tip/tip00H/tipH41/viewStaInfo/7190
TRA-7200,7200,四城,Sicheng,121.76268,24.78684,26245宜蘭縣礁溪鄉吳沙村站前路 24 號,03-9282449,4,http://www.railway.gov.tw/tra-tip-web/tip/tip00H/tipH41/viewStaInfo/7200
TRA-7210,7210,礁溪,Jiaoxi,121.77523,24.82705,26248宜蘭縣礁溪鄉德陽村溫泉路 1 號,03-9886940,3,http://www.railway.gov.tw/tra-tip-web/tip/tip00H/tipH41/viewStaInfo/7210
TRA-7220,7220,頂埔,Dingpu,121.80918,24.84383,26142宜蘭縣頭城鎮下埔里下埔路 4 之 8 號,03-9771429,5,http://www.railway.gov.tw/tra-tip-web/tip/tip00H/tipH41/viewStaInfo/7220
TRA-7230,7230,頭城,Toucheng,121.82253,24.85898,26146宜蘭縣頭城鎮纘祥路 59 號,03-9771429,2,http://www.railway.gov.tw/tra-tip-web/tip/tip00H/tipH41/viewStaInfo/7230
TRA-7240,7240,外澳,Wai'ao,121.84576,24.88371,261宜蘭縣頭城鎮濱海路二段 217 號,03-9771429,5,http://www.railway.gov.tw/tra-tip-web/tip/tip00H/tipH41/viewStaInfo/7240
TRA-7250,7250,龜山,Guishan,121.86886,24.90481,26144宜蘭縣頭城鎮更新里濱海路三段 261 號,03-9770351,4,http://www.railway.gov.tw/tra-tip-web/tip/tip00H/tipH41/viewStaInfo/7250
TRA-7260,7260,大溪,Daxi,121.88983,24.93836,26145宜蘭縣頭城鎮濱海路五段 63 號,03-9771429,5,http://www.railway.gov.tw/tra-tip-web/tip/tip00H/tipH41/viewStaInfo/7260
TRA-7270,7270,大里,Dali,121.92257,24.96688,26145宜蘭縣頭城鎮大里里濱海路六段 326 號,03-9781171,4,http://www.railway.gov.tw/tra-tip-web/tip/tip00H/tipH41/viewStaInfo/7270
TRA-7280,7280,石城,Shicheng,121.94546,24.97837,26145宜蘭縣頭城鎮濱海路七段 230 號,03-9771429,5,http://www.railway.gov.tw/tra-tip-web/tip/tip00H/tipH41/viewStaInfo/7280
TRA-7290,7290,福隆,Fulong,121.94471,25.01598,22841新北市貢寮區福隆里福隆街 2 號,02-24991800,3,http://www.railway.gov.tw/tra-tip-web/tip/tip00H/tipH41/viewStaInfo/7290
TRA-7300,7300,貢寮,Gongliao,121.90649,25.02205,22843新北市貢寮區貢寮里朝陽街 33 號,02-24941500,4,http://www.railway.gov.tw/tra-tip-web/tip/tip00H/tipH41/viewStaInfo/7300
TRA-7310,7310,雙溪,Shuangxi,121.86415,25.03861,22744新北市雙溪區新基里朝陽街 1 號,02-24932980,2,http://www.railway.gov.tw/tra-tip-web/tip/tip00H/tipH41/viewStaInfo/7310
TRA-7320,7320,牡丹,Mudan,121.84974,25.05877,22741新北市雙溪區牡丹里51號,02-24932980,5,http://www.railway.gov.tw/tra-tip-web/tip/tip00H/tipH41/viewStaInfo/7320
TRA-7330,7330,三貂嶺,Sandiaoling,121.82259,25.06555,22446新北市瑞芳區碩仁里魚寮路 1 號,02-24977896,3,http://www.railway.gov.tw/tra-tip-web/tip/tip00H/tipH41/viewStaInfo/7330
TRA-7331,7331,大華,Dahua,121.79751,25.04993,22643新北市平溪區南山里六分 12 之 1 號,02-24972033,5,http://www.railway.gov.tw/tra-tip-web/tip/tip00H/tipH41/viewStaInfo/7331
TRA-7332,7332,十分,Shifen,121.77514,25.04111,22643新北市平溪區十分里十分街 51 號,02-24958307,4,http://www.railway.gov.tw/tra-tip-web/tip/tip00H/tipH41/viewStaInfo/7332
TRA-7333,7333,望古,Wanggu,121.76349,25.03445,226新北市平溪區望古里 (無站房),02-24972033,5,http://www.railway.gov.tw/tra-tip-web/tip/tip00H/tipH41/viewStaInfo/7333
TRA-7334,7334,嶺腳,Lingjiao,121.74784,25.03021,22641新北市平溪區嶺腳里嶺腳寮 22 號,02-24972033,5,http://www.railway.gov.tw/tra-tip-web/tip/tip00H/tipH41/viewStaInfo/7334
TRA-7335,7335,平溪,Pingxi,121.73994,25.02552,22641新北市平溪區平溪里中華街 12 號,02-24972033,4,http://www.railway.gov.tw/tra-tip-web/tip/tip00H/tipH41/viewStaInfo/7335
TRA-7336,7336,菁桐,Jingtong,121.72394,25.02384,22642新北市平溪區菁桐里菁桐街 52 號,02-24972033,4,http://www.railway.gov.tw/tra-tip-web/tip/tip00H/tipH41/viewStaInfo/7336
TRA-7350,7350,猴硐,Houtong,121.82741,25.08711,22446新北市瑞芳區光復里柴寮路 70 號,02-24977747,3,http://www.railway.gov.tw/tra-tip-web/tip/tip00H/tipH41/viewStaInfo/7350
TRA-7360,7360,瑞芳,Ruifang,121.80596,25.10861,22441新北市瑞芳區龍潭里明燈路三段 82 號,02-24972033,1,http://www.railway.gov.tw/tra-tip-web/tip/tip00H/tipH41/viewStaInfo/7360
TRA-7361,7361,海科館,Haikeguan,121.80003,25.13768,202基隆市中正區長潭里,02-24972033,5,http://www.railway.gov.tw/tra-tip-web/tip/tip00H/tipH41/viewStaInfo/7361
TRA-7362,7362,八斗子,Badouzi,121.80411,25.13481,202基隆市中正區砂子里省道臺 2 線 (與新北市瑞芳區交界處、無站房),02-24972033,5,http://www.railway.gov.tw/tra-tip-web/tip/tip00H/tipH41/viewStaInfo/7362
TRA-7380,7380,四腳亭,Sijiaoting,121.76192,25.10281,22449新北市瑞芳區吉慶里中央路 65 號,02-24579346,3,http://www.railway.gov.tw/tra-tip-web/tip/tip00H/tipH41/viewStaInfo/7380
TRA-7390,7390,暖暖,Nuannuan,121.74048,25.10224,205基隆市暖暖區暖暖里暖暖街 51 號,02-24972033,5,http://www.railway.gov.tw/tra-tip-web/tip/tip00H/tipH41/viewStaInfo/7390
